Model,Accuracy,Precision,Recall,F1,ROC AUC,Training Time
Logistic Regression,0.7077865266841645,0.06725146198830409,0.6052631578947368,0.12105263157894737,0.7003334127173136,0.017159461975097656
Random Forest,0.9667541557305337,0.5,0.15789473684210525,0.24,0.6267920933555609,0.32912206649780273
Gradient Boosting,0.9650043744531933,0.4,0.10526315789473684,0.16666666666666666,0.720671588473446,0.36157894134521484
XGBoost,0.937007874015748,0.17307692307692307,0.23684210526315788,0.2,0.6708502024291498,0.46184587478637695
LightGBM,0.9308836395450568,0.14035087719298245,0.21052631578947367,0.16842105263157894,0.700571564658252,4.069064378738403
SVM,0.7865266841644795,0.0778688524590164,0.5,0.1347517730496454,0.7007382710169088,1.9434149265289307
